{"is_source_file": true, "format": "Python", "description": "This source file sets up a FastAPI application with CORS middleware and a health check endpoint.", "external_files": ["fastapi", "fastapi.middleware.cors"], "external_methods": ["FastAPI", "CORSMiddleware"], "published": ["health_check"], "classes": [], "methods": [{"name": "health_check()", "description": "A simple endpoint to verify the health of the server, returning a 'Healthy' message.", "scope": "", "scopeKind": ""}], "calls": ["FastAPI()", "app.add_middleware", "CORSMiddleware", "app.get"], "search-terms": ["FastAPI", "CORS middleware", "health check endpoint", "main.py"], "state": 2, "file_id": 4, "knowledge_revision": 9, "git_revision": "d68c0b7383d9d32c4f62e6023f0d4423f919515f", "ctags": [{"_type": "tag", "name": "app", "path": "/home/kavia/workspace/code-generation/simple-notes-app-217222-217231/notes_backend/src/api/main.py", "pattern": "/^app = FastAPI()$/", "language": "Python", "kind": "variable"}, {"_type": "tag", "name": "health_check", "path": "/home/kavia/workspace/code-generation/simple-notes-app-217222-217231/notes_backend/src/api/main.py", "pattern": "/^def health_check():$/", "language": "Python", "kind": "function", "signature": "()"}], "hash": "58352bf5f133908bab16643199aa483d", "format-version": 4, "code-base-name": "notes_backend", "filename": "notes_backend/src/api/main.py", "fields": [{"name": "app = FastAPI()", "scope": "", "scopeKind": "", "description": "unavailable"}], "revision_history": [{"9": "d68c0b7383d9d32c4f62e6023f0d4423f919515f"}]}